書名,特集タイトル,URL
ユリイカ1988年12月臨時増刊号,総特集＝ル・コルビュジエ,https://www.seidosha.co.jp/book/index.php?id=2908&status=published
ユリイカ1988年8月臨時増刊号,総特集＝大友克洋,https://www.seidosha.co.jp/book/index.php?id=2907&status=published
ユリイカ1989年6月臨時増刊号,総特集＝村上春樹の世界,https://www.seidosha.co.jp/book/index.php?id=2906&status=published
ユリイカ1996年12月号,特集＝アントナン・アルトー,https://www.seidosha.co.jp/book/index.php?id=2905&status=published
ユリイカ1996年11月号,特集＝クィア・リーディング,https://www.seidosha.co.jp/book/index.php?id=2904&status=published
ユリイカ1996年10月号,特集＝ドゥルーズ『シネマ』を読む,https://www.seidosha.co.jp/book/index.php?id=2903&status=published
ユリイカ1996年9月号,特集＝還ってきたセザンヌ,https://www.seidosha.co.jp/book/index.php?id=2902&status=published
ユリイカ1996年8月臨時増刊号,総特集＝ソクーロフ,https://www.seidosha.co.jp/book/index.php?id=2901&status=published
ユリイカ1996年8月号,特集＝ジャパニメーション！,https://www.seidosha.co.jp/book/index.php?id=2900&status=published
ユリイカ1996年7月号,特集＝マーク・トウェイン,https://www.seidosha.co.jp/book/index.php?id=2899&status=published
ユリイカ1996年6月号,特集＝ロラン・バルト,https://www.seidosha.co.jp/book/index.php?id=2898&status=published
ユリイカ1996年5月号,特集＝ハイナー・ミュラー,https://www.seidosha.co.jp/book/index.php?id=2897&status=published
ユリイカ1996年4月号,特集＝空中庭園,https://www.seidosha.co.jp/book/index.php?id=2896&status=published
ユリイカ1996年3月号,特集＝ネイチャーライティング,https://www.seidosha.co.jp/book/index.php?id=2895&status=published
ユリイカ1996年2月号,特集＝ベケット,https://www.seidosha.co.jp/book/index.php?id=2894&status=published
ユリイカ1996年1月臨時増刊号,総特集＝荒木経惟,https://www.seidosha.co.jp/book/index.php?id=2893&status=published
ユリイカ1996年1月号,特集＝バッハ,https://www.seidosha.co.jp/book/index.php?id=2892&status=published
ユリイカ1997年12月号,特集＝フォークナー,https://www.seidosha.co.jp/book/index.php?id=2891&status=published
ユリイカ1997年11月号,特集＝バロウズのいない世界,https://www.seidosha.co.jp/book/index.php?id=2890&status=published
ユリイカ1997年10月号,特集＝日本映画,https://www.seidosha.co.jp/book/index.php?id=2889&status=published
ユリイカ1997年9月号,特集＝児童文学,https://www.seidosha.co.jp/book/index.php?id=2888&status=published
ユリイカ1997年8月臨時増刊号,総特集＝宮崎駿の世界,https://www.seidosha.co.jp/book/index.php?id=2950&status=published
ユリイカ1997年8月号,特集＝エキゾティシズム,https://www.seidosha.co.jp/book/index.php?id=2949&status=published
ユリイカ1997年7月号,特集＝バタイユ,https://www.seidosha.co.jp/book/index.php?id=2887&status=published
ユリイカ1997年6月臨時増刊号,総特集＝村上龍,https://www.seidosha.co.jp/book/index.php?id=2886&status=published
ユリイカ1997年6月号,特集＝古書の博物誌,https://www.seidosha.co.jp/book/index.php?id=2885&status=published
ユリイカ1997年5月号,特集＝香港映画,https://www.seidosha.co.jp/book/index.php?id=2884&status=published
ユリイカ1997年4月臨時増刊号,総特集＝20世紀を読む,https://www.seidosha.co.jp/book/index.php?id=2883&status=published
ユリイカ1997年3月号,特集＝永井荷風,https://www.seidosha.co.jp/book/index.php?id=2881&status=published
ユリイカ1997年2月号,特集＝世界の神話をどう読むか,https://www.seidosha.co.jp/book/index.php?id=2880&status=published
ユリイカ1997年1月号,特集＝ジョン・ゾーン,https://www.seidosha.co.jp/book/index.php?id=2879&status=published
ユリイカ1998年12月号,特集＝女神,https://www.seidosha.co.jp/book/index.php?id=2878&status=published
ユリイカ1998年11月号,特集＝オーネット・コールマン,https://www.seidosha.co.jp/book/index.php?id=2877&status=published
ユリイカ1998年10月号,特集＝60年代ゴダール,https://www.seidosha.co.jp/book/index.php?id=2876&status=published
ユリイカ1998年9月号,特集＝『西遊記』,https://www.seidosha.co.jp/book/index.php?id=2875&status=published
ユリイカ1998年8月臨時増刊号,総特集＝怪談,https://www.seidosha.co.jp/book/index.php?id=2874&status=published
ユリイカ1998年8月号,特集＝島尾敏雄,https://www.seidosha.co.jp/book/index.php?id=2873&status=published
ユリイカ1998年7月号,特集＝ジョイス,https://www.seidosha.co.jp/book/index.php?id=2872&status=published
ユリイカ1998年6月臨時増刊号,総特集＝太宰治,https://www.seidosha.co.jp/book/index.php?id=2871&status=published
ユリイカ1998年6月号,特集＝ボサノヴァ,https://www.seidosha.co.jp/book/index.php?id=2870&status=published
ユリイカ1998年5月号,特集＝文字,https://www.seidosha.co.jp/book/index.php?id=2869&status=published
ユリイカ1998年4月号,特集＝トーベ・ヤンソンとムーミンの世界,https://www.seidosha.co.jp/book/index.php?id=2868&status=published
ユリイカ1998年3月号,特集＝解体する［音楽］,https://www.seidosha.co.jp/book/index.php?id=2867&status=published
ユリイカ1998年2月臨時増刊号,総特集＝北野武そして／あるいはビートたけし,https://www.seidosha.co.jp/book/index.php?id=2866&status=published
ユリイカ1998年2月号,特集＝ポリセクシュアル,https://www.seidosha.co.jp/book/index.php?id=2865&status=published
ユリイカ1998年1月号,特集＝アントニオ・タブッキ,https://www.seidosha.co.jp/book/index.php?id=2864&status=published
ユリイカ1999年12月号,特集＝ミステリ・ルネッサンス,https://www.seidosha.co.jp/book/index.php?id=2863&status=published
ユリイカ1999年11月号,特集＝ケルアック,https://www.seidosha.co.jp/book/index.php?id=2862&status=published
ユリイカ1999年10月号,特集＝岡本太郎,https://www.seidosha.co.jp/book/index.php?id=2861&status=published
ユリイカ1999年9月号,特集＝ボルヘス,https://www.seidosha.co.jp/book/index.php?id=2947&status=published
ユリイカ1999年8月号,特集＝ヘミングウェイ,https://www.seidosha.co.jp/book/index.php?id=2859&status=published
ユリイカ1999年7月号,特集＝マルグリット・デュラス,https://www.seidosha.co.jp/book/index.php?id=2858&status=published
ユリイカ1999年6月号,特集＝村山槐多,https://www.seidosha.co.jp/book/index.php?id=2857&status=published
ユリイカ1999年5月号,特集＝モンスターズ！,https://www.seidosha.co.jp/book/index.php?id=2856&status=published
ユリイカ1999年4月号,特集＝グリム童話,https://www.seidosha.co.jp/book/index.php?id=2855&status=published
ユリイカ1999年3月号,特集＝歌謡曲,https://www.seidosha.co.jp/book/index.php?id=2854&status=published
ユリイカ1999年2月臨時増刊号,総特集＝白洲正子,https://www.seidosha.co.jp/book/index.php?id=2853&status=published
ユリイカ1999年2月号,特集＝終末論,https://www.seidosha.co.jp/book/index.php?id=2852&status=published
ユリイカ1999年1月号,特集＝ポール・オースター,https://www.seidosha.co.jp/book/index.php?id=2851&status=published
ユリイカ2001年12月号,特集＝山田風太郎,https://www.seidosha.co.jp/book/index.php?id=2624&status=published
ユリイカ2001年11月号,特集＝〈韓国映画〉の新時代,https://www.seidosha.co.jp/book/index.php?id=2623&status=published
ユリイカ2001年10月号,特集＝村上隆vs奈良美智,https://www.seidosha.co.jp/book/index.php?id=2622&status=published
ユリイカ2001年9月号,特集＝レイナルド・アレナス,https://www.seidosha.co.jp/book/index.php?id=2620&status=published
ユリイカ2001年8月臨時増刊号,総特集＝宮崎駿『千と千尋の神隠し』の世界,https://www.seidosha.co.jp/book/index.php?id=2619&status=published
ユリイカ2001年8月号,特集＝〈沖縄〉から,https://www.seidosha.co.jp/book/index.php?id=2618&status=published
ユリイカ2001年7月号,特集＝イタリア,https://www.seidosha.co.jp/book/index.php?id=2617&status=published
ユリイカ2001年6月臨時増刊号,総特集＝野田秀樹,https://www.seidosha.co.jp/book/index.php?id=2616&status=published
ユリイカ2001年6月号,特集＝小林秀雄,https://www.seidosha.co.jp/book/index.php?id=2615&status=published
ユリイカ2001年5月号,特集＝宝塚,https://www.seidosha.co.jp/book/index.php?id=2614&status=published
ユリイカ2001年4月号,特集＝プルースト,https://www.seidosha.co.jp/book/index.php?id=2613&status=published
ユリイカ2001年3月号,特集＝新しいカフカ,https://www.seidosha.co.jp/book/index.php?id=2612&status=published
ユリイカ2001年2月号,特集＝青山真治,https://www.seidosha.co.jp/book/index.php?id=2611&status=published
ユリイカ2001年1月号,特集＝２００１年大江戸文化の旅,https://www.seidosha.co.jp/book/index.php?id=2610&status=published
ユリイカ2002年12月号,特集＝ベンヤミン,https://www.seidosha.co.jp/book/index.php?id=2609&status=published
ユリイカ2002年11月号,特集＝エリック・ロメール,https://www.seidosha.co.jp/book/index.php?id=2608&status=published
ユリイカ2002年10月臨時増刊号,総特集＝矢川澄子,https://www.seidosha.co.jp/book/index.php?id=2607&status=published
ユリイカ2002年10月号,特集＝ニール・スティーヴンスン,https://www.seidosha.co.jp/book/index.php?id=2606&status=published
ユリイカ2002年9月号,特集＝ブロンテ姉妹,https://www.seidosha.co.jp/book/index.php?id=2605&status=published
ユリイカ2002年8月号,特集＝島うた,https://www.seidosha.co.jp/book/index.php?id=2604&status=published
ユリイカ2002年7月号,特集＝高野文子,https://www.seidosha.co.jp/book/index.php?id=2603&status=published
ユリイカ2002年6月号,特集＝フットボール宣言,https://www.seidosha.co.jp/book/index.php?id=2602&status=published
ユリイカ2002年5月号,特集＝ゴダールの世紀,https://www.seidosha.co.jp/book/index.php?id=2601&status=published
ユリイカ2002年4月臨時増刊号,総特集＝『指輪物語』の世界,https://www.seidosha.co.jp/book/index.php?id=2600&status=published
ユリイカ2002年4月号,特集＝メルヴィルから始まる,https://www.seidosha.co.jp/book/index.php?id=2599&status=published
ユリイカ2002年3月号,特集＝マフマルバフ,https://www.seidosha.co.jp/book/index.php?id=2598&status=published
ユリイカ2002年2月臨時増刊号,総特集＝絵本の世界,https://www.seidosha.co.jp/book/index.php?id=2597&status=published
ユリイカ2002年2月号,特集＝光源氏幻想,https://www.seidosha.co.jp/book/index.php?id=2596&status=published
ユリイカ2002年1月号,特集＝ビョークの世界,https://www.seidosha.co.jp/book/index.php?id=2595&status=published
ユリイカ2003年12月臨時増刊号,総特集＝ロラン・バルト,https://www.seidosha.co.jp/book/index.php?id=2594&status=published
ユリイカ2003年12月号,特集＝星野道夫の世界,https://www.seidosha.co.jp/book/index.php?id=2593&status=published
ユリイカ2003年11月号,特集＝マンガはここにある・作家ファイル４５,https://www.seidosha.co.jp/book/index.php?id=2592&status=published
ユリイカ2003年10月号,特集＝煙草異論,https://www.seidosha.co.jp/book/index.php?id=2591&status=published
ユリイカ2003年9月臨時増刊号,総特集＝川上弘美読本,https://www.seidosha.co.jp/book/index.php?id=2590&status=published
ユリイカ2003年9月号,特集＝ブックデザイン批判,https://www.seidosha.co.jp/book/index.php?id=2589&status=published
ユリイカ2003年8月号,特集＝黒田硫黄,https://www.seidosha.co.jp/book/index.php?id=2588&status=published
ユリイカ2003年7月号,特集＝黒沢清,https://www.seidosha.co.jp/book/index.php?id=2587&status=published
ユリイカ2003年6月号,特集＝Ｊポップの詩学,https://www.seidosha.co.jp/book/index.php?id=2586&status=published
ユリイカ2003年5月号,特集＝谷崎潤一郎,https://www.seidosha.co.jp/book/index.php?id=2585&status=published
ユリイカ2003年4月臨時増刊号,総特集＝日本語,https://www.seidosha.co.jp/book/index.php?id=2584&status=published
ユリイカ2003年4月臨時増刊号,総特集＝吉田喜重,https://www.seidosha.co.jp/book/index.php?id=2583&status=published
ユリイカ2003年4月号,特集＝詩集のつくり方,https://www.seidosha.co.jp/book/index.php?id=2582&status=published
ユリイカ2003年3月号,特集＝ダニエル・リベスキンド,https://www.seidosha.co.jp/book/index.php?id=2581&status=published
ユリイカ2003年2月臨時増刊号,総特集＝松尾スズキ,https://www.seidosha.co.jp/book/index.php?id=2580&status=published
ユリイカ2003年2月号,特集＝カエターノ・ヴェローゾ,https://www.seidosha.co.jp/book/index.php?id=2579&status=published
ユリイカ2003年1月号,特集＝中国幻想綺譚,https://www.seidosha.co.jp/book/index.php?id=2578&status=published
ユリイカ2004年12月臨時増刊号,総特集＝多和田葉子,https://www.seidosha.co.jp/book/index.php?id=2577&status=published
ユリイカ2004年12月号,特集＝宮崎駿とスタジオジブリ,https://www.seidosha.co.jp/book/index.php?id=2576&status=published
ユリイカ2004年11月号,特集＝藤森照信,https://www.seidosha.co.jp/book/index.php?id=2575&status=published
ユリイカ2004年10月号,特集＝中村稔,https://www.seidosha.co.jp/book/index.php?id=2574&status=published
ユリイカ2004年9月臨時増刊号,総特集＝西尾維新,https://www.seidosha.co.jp/book/index.php?id=2573&status=published
ユリイカ2004年9月号,特集＝はっぴいえんど,https://www.seidosha.co.jp/book/index.php?id=2572&status=published
ユリイカ2004年8月号,特集＝文学賞ＡｔｏＺ,https://www.seidosha.co.jp/book/index.php?id=2571&status=published
ユリイカ2004年7月号,特集＝楳図かずお,https://www.seidosha.co.jp/book/index.php?id=2570&status=published
ユリイカ2004年6月号,特集＝鉄道と日本人,https://www.seidosha.co.jp/book/index.php?id=2569&status=published
ユリイカ2004年5月号,特集＝鬱･･････,https://www.seidosha.co.jp/book/index.php?id=2568&status=published
ユリイカ2004年4月号,特集＝押井守,https://www.seidosha.co.jp/book/index.php?id=2567&status=published
ユリイカ2004年3月号,特集＝論文作法,https://www.seidosha.co.jp/book/index.php?id=2566&status=published
ユリイカ2004年2月号,特集＝小川洋子,https://www.seidosha.co.jp/book/index.php?id=2565&status=published
ユリイカ2004年1月号,特集＝クマのプーさん,https://www.seidosha.co.jp/book/index.php?id=2564&status=published
ユリイカ2005年12月号,特集＝野坂昭如,https://www.seidosha.co.jp/book/index.php?id=2563&status=published
ユリイカ2005年11月号,特集＝文化系女子カタログ,https://www.seidosha.co.jp/book/index.php?id=2562&status=published
ユリイカ2005年10月号,特集＝攻殻機動隊,https://www.seidosha.co.jp/book/index.php?id=2561&status=published
ユリイカ2005年9月号,特集＝水木しげる,https://www.seidosha.co.jp/book/index.php?id=2560&status=published
ユリイカ2005年8月臨時増刊号,総特集＝オタクVSサブカル！,https://www.seidosha.co.jp/book/index.php?id=2559&status=published
ユリイカ2005年8月号,特集＝雑誌の黄金時代,https://www.seidosha.co.jp/book/index.php?id=2558&status=published
ユリイカ2005年7月号,特集＝この小劇場を観よ！,https://www.seidosha.co.jp/book/index.php?id=2557&status=published
ユリイカ2005年6月号,特集＝ムーンライダーズ,https://www.seidosha.co.jp/book/index.php?id=2556&status=published
ユリイカ2005年5月号,特集＝人形愛,https://www.seidosha.co.jp/book/index.php?id=2555&status=published
ユリイカ2005年4月号,特集＝ブログ作法,https://www.seidosha.co.jp/book/index.php?id=2554&status=published
ユリイカ2005年3月号,特集＝ポスト・ノイズ,https://www.seidosha.co.jp/book/index.php?id=2553&status=published
ユリイカ2005年2月号,特集＝ギャグまんが大行進,https://www.seidosha.co.jp/book/index.php?id=2552&status=published
ユリイカ2005年1月号,特集＝翻訳作法,https://www.seidosha.co.jp/book/index.php?id=2551&status=published
ユリイカ2006年12月号,特集＝監督系女子ファイル,https://www.seidosha.co.jp/book/index.php?id=2550&status=published
ユリイカ2006年11月臨時増刊号,総特集＝宮沢章夫,https://www.seidosha.co.jp/book/index.php?id=2549&status=published
ユリイカ2006年11月号,特集＝大竹伸朗,https://www.seidosha.co.jp/book/index.php?id=2548&status=published
ユリイカ2006年10月号,特集＝吉田健一,https://www.seidosha.co.jp/book/index.php?id=2547&status=published
ユリイカ2006年9月臨時増刊号,総特集＝稲垣足穂,https://www.seidosha.co.jp/book/index.php?id=2546&status=published
ユリイカ2006年9月号,特集＝理想の教科書,https://www.seidosha.co.jp/book/index.php?id=2545&status=published
ユリイカ2006年8月臨時増刊号,総特集＝アーシュラ・Ｋ・ル=グウィン,https://www.seidosha.co.jp/book/index.php?id=2544&status=published
ユリイカ2006年8月号,特集＝古川日出男,https://www.seidosha.co.jp/book/index.php?id=2543&status=published
ユリイカ2006年7月号,特集＝西原理恵子,https://www.seidosha.co.jp/book/index.php?id=2542&status=published
ユリイカ2006年6月号,特集＝任天堂／Nintendo,https://www.seidosha.co.jp/book/index.php?id=2541&status=published
ユリイカ2006年5月号,特集＝藤田嗣治,https://www.seidosha.co.jp/book/index.php?id=2540&status=published
ユリイカ2006年4月号,特集＝菊地成孔,https://www.seidosha.co.jp/book/index.php?id=2539&status=published
ユリイカ2006年3月号,特集＝マドンナ,https://www.seidosha.co.jp/book/index.php?id=2538&status=published
ユリイカ2006年2月号,特集＝ニート,https://www.seidosha.co.jp/book/index.php?id=2537&status=published
ユリイカ2006年1月号,特集＝マンガ批評の最前線,https://www.seidosha.co.jp/book/index.php?id=2536&status=published
ユリイカ2007年12月臨時増刊号,総特集＝ＢＬスタディーズ,https://www.seidosha.co.jp/book/index.php?id=2535&status=published
ユリイカ2007年12月号,特集＝森茉莉,https://www.seidosha.co.jp/book/index.php?id=2534&status=published
ユリイカ2007年11月臨時増刊号,総特集＝荒木飛呂彦,https://www.seidosha.co.jp/book/index.php?id=2533&status=published
ユリイカ2007年11月号,特集＝ドストエフスキー,https://www.seidosha.co.jp/book/index.php?id=2532&status=published
ユリイカ2007年10月号,特集＝北欧神話の世界,https://www.seidosha.co.jp/book/index.php?id=2531&status=published
ユリイカ2007年9月号,特集＝安彦良和,https://www.seidosha.co.jp/book/index.php?id=2530&status=published
ユリイカ2007年8月号,特集＝澁澤龍彦,https://www.seidosha.co.jp/book/index.php?id=2529&status=published
ユリイカ2007年7月臨時増刊号,総特集＝大友良英,https://www.seidosha.co.jp/book/index.php?id=2948&status=published
ユリイカ2007年7月号,特集＝石井桃子,https://www.seidosha.co.jp/book/index.php?id=2528&status=published
ユリイカ2007年6月臨時増刊号,総特集＝腐女子マンガ大系,https://www.seidosha.co.jp/book/index.php?id=2527&status=published
ユリイカ2007年6月号,特集＝上橋菜穂子,https://www.seidosha.co.jp/book/index.php?id=2526&status=published
ユリイカ2007年5月号,特集＝ル・コルビュジエ,https://www.seidosha.co.jp/book/index.php?id=2525&status=published
ユリイカ2007年4月号,特集＝米澤穂信,https://www.seidosha.co.jp/book/index.php?id=2524&status=published
ユリイカ2007年3月号,特集＝レオナルド・ダ・ヴィンチ,https://www.seidosha.co.jp/book/index.php?id=2523&status=published
ユリイカ2007年2月号,特集＝戦後日本のジャズ文化,https://www.seidosha.co.jp/book/index.php?id=2522&status=published
ユリイカ2007年1月号,特集＝松本大洋,https://www.seidosha.co.jp/book/index.php?id=2521&status=published
ユリイカ2008年12月臨時増刊号,総特集＝初音ミク,https://www.seidosha.co.jp/book/index.php?id=2520&status=published
ユリイカ2008年12月号,特集＝母と娘の物語,https://www.seidosha.co.jp/book/index.php?id=2519&status=published
ユリイカ2008年11月号,特集＝パブロ・ピカソ,https://www.seidosha.co.jp/book/index.php?id=2518&status=published
ユリイカ2008年10月臨時増刊号,総特集＝杉浦日向子,https://www.seidosha.co.jp/book/index.php?id=2517&status=published
ユリイカ2008年10月号,特集＝中上健次,https://www.seidosha.co.jp/book/index.php?id=2516&status=published
ユリイカ2008年9月号,特集＝太宰治／坂口安吾,https://www.seidosha.co.jp/book/index.php?id=2515&status=published
ユリイカ2008年8月号,特集＝フェルメール,https://www.seidosha.co.jp/book/index.php?id=2514&status=published
ユリイカ2008年7月号,特集＝スピルバーグ,https://www.seidosha.co.jp/book/index.php?id=2513&status=published
ユリイカ2008年6月号,特集＝マンガ批評の新展開,https://www.seidosha.co.jp/book/index.php?id=2512&status=published
ユリイカ2008年5月号,特集＝ラフマニノフ,https://www.seidosha.co.jp/book/index.php?id=2511&status=published
ユリイカ2008年4月号,特集＝詩のことば,https://www.seidosha.co.jp/book/index.php?id=2510&status=published
ユリイカ2008年3月臨時増刊号,総特集＝ジャン・ルノワール,https://www.seidosha.co.jp/book/index.php?id=2509&status=published
ユリイカ2008年3月号,特集＝新しい世界文学,https://www.seidosha.co.jp/book/index.php?id=2508&status=published
ユリイカ2008年2月号,特集＝中島らも,https://www.seidosha.co.jp/book/index.php?id=2507&status=published
ユリイカ2008年1月号,特集＝南方熊楠,https://www.seidosha.co.jp/book/index.php?id=2506&status=published
ユリイカ2009年12月号,特集＝タランティーノ,https://www.seidosha.co.jp/book/index.php?id=2505&status=published
ユリイカ2009年11月号,特集＝若冲,https://www.seidosha.co.jp/book/index.php?id=2504&status=published
ユリイカ2009年10月臨時増刊号,総特集＝ペ・ドゥナ,https://www.seidosha.co.jp/book/index.php?id=2503&status=published
ユリイカ2009年10月号,特集＝福本伸行,https://www.seidosha.co.jp/book/index.php?id=2502&status=published
ユリイカ2009年9月臨時増刊号,総特集＝昆虫主義,https://www.seidosha.co.jp/book/index.php?id=2501&status=published
ユリイカ2009年9月号,特集＝アルフォンス・ミュシャ,https://www.seidosha.co.jp/book/index.php?id=2500&status=published
ユリイカ2009年8月号,特集＝菅野よう子,https://www.seidosha.co.jp/book/index.php?id=2499&status=published
ユリイカ2009年7月号,特集＝メビウスと日本マンガ,https://www.seidosha.co.jp/book/index.php?id=2498&status=published
ユリイカ2009年6月号,特集＝レム・コールハース,https://www.seidosha.co.jp/book/index.php?id=2497&status=published
ユリイカ2009年5月号,特集＝クリント・イーストウッド,https://www.seidosha.co.jp/book/index.php?id=2496&status=published
ユリイカ2009年4月臨時増刊号,総特集＝坂本龍一,https://www.seidosha.co.jp/book/index.php?id=2495&status=published
ユリイカ2009年4月号,特集＝RPGの冒険,https://www.seidosha.co.jp/book/index.php?id=2494&status=published
ユリイカ2009年3月号,特集＝諸星大二郎,https://www.seidosha.co.jp/book/index.php?id=2493&status=published
ユリイカ2009年2月号,特集＝日本語は亡びるのか？,https://www.seidosha.co.jp/book/index.php?id=2492&status=published
ユリイカ2009年1月号,特集＝米原万里,https://www.seidosha.co.jp/book/index.php?id=2491&status=published
ユリイカ2010年12月号,特集＝荒川弘,https://www.seidosha.co.jp/book/index.php?id=2288&status=published
ユリイカ2010年11月号,特集＝猫,https://www.seidosha.co.jp/book/index.php?id=2287&status=published
ユリイカ2010年10月号,特集＝安倍吉俊,https://www.seidosha.co.jp/book/index.php?id=2286&status=published
ユリイカ2010年10月臨時増刊号,総特集＝冲方丁,https://www.seidosha.co.jp/book/index.php?id=2285&status=published
ユリイカ2010年9月号,特集＝10年代の日本文化のゆくえ,https://www.seidosha.co.jp/book/index.php?id=2284&status=published
ユリイカ2010年8月号,特集＝電子書籍を読む！,https://www.seidosha.co.jp/book/index.php?id=2283&status=published
ユリイカ2010年7月号,特集＝田辺聖子,https://www.seidosha.co.jp/book/index.php?id=2282&status=published
ユリイカ2010年6月号,特集＝橋本治,https://www.seidosha.co.jp/book/index.php?id=2281&status=published
ユリイカ2010年5月号,特集＝ポン・ジュノ,https://www.seidosha.co.jp/book/index.php?id=2280&status=published
ユリイカ2010年4月号,特集＝現代ピアニスト列伝,https://www.seidosha.co.jp/book/index.php?id=2279&status=published
ユリイカ2010年3月号,特集＝森村泰昌,https://www.seidosha.co.jp/book/index.php?id=2278&status=published
ユリイカ2010年2月臨時増刊号,総特集＝中村佑介,https://www.seidosha.co.jp/book/index.php?id=2277&status=published
ユリイカ2010年2月号,特集＝藤田和日郎,https://www.seidosha.co.jp/book/index.php?id=2276&status=published
ユリイカ2010年1月号,特集＝白川静,https://www.seidosha.co.jp/book/index.php?id=2275&status=published
ユリイカ2011年12月号,特集＝タンタンの冒険,https://www.seidosha.co.jp/book/index.php?id=2274&status=published
ユリイカ2011年11月号,特集＝やくしまるえつこ,https://www.seidosha.co.jp/book/index.php?id=2273&status=published
ユリイカ2011年11月臨時増刊号,総特集＝魔法少女まどか☆マギカ,https://www.seidosha.co.jp/book/index.php?id=2272&status=published
ユリイカ2011年10月号,特集＝現代俳句の新しい波,https://www.seidosha.co.jp/book/index.php?id=2271&status=published
ユリイカ2011年9月号,特集＝Ｂ級グルメ,https://www.seidosha.co.jp/book/index.php?id=2269&status=published
ユリイカ2011年8月号,特集＝バンクシーとは誰か？,https://www.seidosha.co.jp/book/index.php?id=2270&status=published
ユリイカ2011年7月号,特集＝宮沢賢治,https://www.seidosha.co.jp/book/index.php?id=2268&status=published
ユリイカ2011年7月臨時増刊号,総特集＝涼宮ハルヒのユリイカ！,https://www.seidosha.co.jp/book/index.php?id=2267&status=published
ユリイカ2011年6月号,特集＝山下敦弘,https://www.seidosha.co.jp/book/index.php?id=2266&status=published
ユリイカ2011年5月号,特集＝角田光代,https://www.seidosha.co.jp/book/index.php?id=2265&status=published
ユリイカ2011年4月号,特集＝パウル・クレー,https://www.seidosha.co.jp/book/index.php?id=2264&status=published
ユリイカ2011年3月号,特集＝貴志祐介,https://www.seidosha.co.jp/book/index.php?id=2263&status=published
ユリイカ2011年2月号,特集＝ソーシャルネットワークの現在,https://www.seidosha.co.jp/book/index.php?id=2262&status=published
ユリイカ2011年1月号,特集＝ジャン・ジュネ,https://www.seidosha.co.jp/book/index.php?id=2261&status=published
ユリイカ2011年1月臨時増刊号,総特集＝村上春樹,https://www.seidosha.co.jp/book/index.php?id=2260&status=published
ユリイカ2012年12月号,特集＝ＢＬオン・ザ・ラン！,https://www.seidosha.co.jp/book/index.php?id=2259&status=published
ユリイカ2012年12月臨時増刊号,総特集＝永野護,https://www.seidosha.co.jp/book/index.php?id=2258&status=published
ユリイカ2012年11月号,特集＝横尾忠則,https://www.seidosha.co.jp/book/index.php?id=2257&status=published
ユリイカ2012年10月号,特集＝ジョン・ケージ,https://www.seidosha.co.jp/book/index.php?id=2256&status=published
ユリイカ2012年9月号,特集＝岩井俊二,https://www.seidosha.co.jp/book/index.php?id=2255&status=published
ユリイカ2012年9月臨時増刊号,総特集＝平成仮面ライダー,https://www.seidosha.co.jp/book/index.php?id=2254&status=published
ユリイカ2012年8月号,特集＝クリストファー・ノーラン,https://www.seidosha.co.jp/book/index.php?id=2253&status=published
ユリイカ2012年8月臨時増刊号,総特集＝野見山暁治 絵とことば,https://www.seidosha.co.jp/book/index.php?id=2252&status=published
ユリイカ2012年7月号,特集＝蜷川実花,https://www.seidosha.co.jp/book/index.php?id=2251&status=published
ユリイカ2012年6月号,特集＝アントニオ・タブッキ,https://www.seidosha.co.jp/book/index.php?id=2250&status=published
ユリイカ2012年5月号,特集＝テレビドラマの脚本家たち,https://www.seidosha.co.jp/book/index.php?id=2249&status=published
ユリイカ2012年4月号,特集＝セザンヌにはどう視えているか,https://www.seidosha.co.jp/book/index.php?id=2248&status=published
ユリイカ2012年3月号,特集＝辞書の世界,https://www.seidosha.co.jp/book/index.php?id=2247&status=published
ユリイカ2012年2月号,特集＝立川談志,https://www.seidosha.co.jp/book/index.php?id=2246&status=published
ユリイカ2012年1月号,特集＝武富健治,https://www.seidosha.co.jp/book/index.php?id=2245&status=published
ユリイカ2012年1月臨時増刊号,総特集＝石川直樹,https://www.seidosha.co.jp/book/index.php?id=2244&status=published
ユリイカ2013年12月号,特集＝高畑勲「かぐや姫の物語」の世界,https://www.seidosha.co.jp/book/index.php?id=2243&status=published
ユリイカ2013年11月号,特集＝中原淳一と少女イラストレーション,https://www.seidosha.co.jp/book/index.php?id=2242&status=published
ユリイカ2013年11月臨時増刊号,総特集＝小津安二郎,https://www.seidosha.co.jp/book/index.php?id=2241&status=published
ユリイカ2013年10月号,特集＝武田百合子,https://www.seidosha.co.jp/book/index.php?id=2240&status=published
ユリイカ2013年10月臨時増刊号,総特集＝高橋幸宏,https://www.seidosha.co.jp/book/index.php?id=2239&status=published
ユリイカ2013年9月号,特集＝クマ,https://www.seidosha.co.jp/book/index.php?id=2238&status=published
ユリイカ2013年8月号,特集＝今日マチ子,https://www.seidosha.co.jp/book/index.php?id=2237&status=published
ユリイカ2013年8月臨時増刊号,総特集＝やなせたかし アンパンマンの心,https://www.seidosha.co.jp/book/index.php?id=2236&status=published
ユリイカ2013年7月号,特集＝女子とエロ・小説篇,https://www.seidosha.co.jp/book/index.php?id=2235&status=published
ユリイカ2013年7月臨時増刊号,総特集＝岡村靖幸,https://www.seidosha.co.jp/book/index.php?id=2234&status=published
ユリイカ2013年6月号,特集＝山口昌男,https://www.seidosha.co.jp/book/index.php?id=2233&status=published
ユリイカ2013年5月号,特集＝鬼束ちひろ,https://www.seidosha.co.jp/book/index.php?id=2232&status=published
ユリイカ2013年4月号,特集＝荻原規子,https://www.seidosha.co.jp/book/index.php?id=2231&status=published
ユリイカ2013年3月号,特集＝グスタフ・クリムト,https://www.seidosha.co.jp/book/index.php?id=2230&status=published
ユリイカ2013年3月臨時増刊号,総特集＝世界マンガ大系,https://www.seidosha.co.jp/book/index.php?id=2229&status=published
ユリイカ2013年2月号,特集＝ゾンビ,https://www.seidosha.co.jp/book/index.php?id=2228&status=published
ユリイカ2013年1月号,特集＝この小劇場を観よ！２０１３,https://www.seidosha.co.jp/book/index.php?id=2227&status=published
ユリイカ2013年1月臨時増刊号,総特集＝百人一首,https://www.seidosha.co.jp/book/index.php?id=2226&status=published
ユリイカ2014年12月号,特集＝百合文化の現在,https://www.seidosha.co.jp/book/index.php?id=2225&status=published
ユリイカ2014年11月号,特集＝森博嗣,https://www.seidosha.co.jp/book/index.php?id=2224&status=published
ユリイカ2014年10月号,特集＝ラース・フォン・トリアー,https://www.seidosha.co.jp/book/index.php?id=2223&status=published
ユリイカ2014年9月号,特集＝サド,https://www.seidosha.co.jp/book/index.php?id=2222&status=published
ユリイカ2014年9月臨時増刊号,総特集＝イケメン・スタディーズ,https://www.seidosha.co.jp/book/index.php?id=2220&status=published
ユリイカ2014年8月号,特集＝ムーミンとトーベ・ヤンソン,https://www.seidosha.co.jp/book/index.php?id=2221&status=published
ユリイカ2014年8月臨時増刊号,総特集＝シャーロック・ホームズ,https://www.seidosha.co.jp/book/index.php?id=2219&status=published
ユリイカ2014年7月号,特集＝ガルシア＝マルケス,https://www.seidosha.co.jp/book/index.php?id=2218&status=published
ユリイカ2014年6月号,特集＝ウェス・アンダーソン,https://www.seidosha.co.jp/book/index.php?id=2217&status=published
ユリイカ2014年6月臨時増刊号,総特集＝吉野弘の世界,https://www.seidosha.co.jp/book/index.php?id=2216&status=published
ユリイカ2014年5月号,特集＝マーベル映画,https://www.seidosha.co.jp/book/index.php?id=2215&status=published
ユリイカ2014年4月号,特集＝バルテュス,https://www.seidosha.co.jp/book/index.php?id=2214&status=published
ユリイカ2014年3月号,特集＝週刊少年サンデーの時代,https://www.seidosha.co.jp/book/index.php?id=2213&status=published
ユリイカ2014年2月号,特集＝堤清二／辻井喬,https://www.seidosha.co.jp/book/index.php?id=2212&status=published
ユリイカ2014年1月号,特集＝ルー・リード,https://www.seidosha.co.jp/book/index.php?id=2211&status=published
ユリイカ2015年12月号,特集＝ミヒャエル・エンデ,https://www.seidosha.co.jp/book/index.php?id=2210&status=published
ユリイカ2015年11月号,特集＝梶浦由記,https://www.seidosha.co.jp/book/index.php?id=2209&status=published
ユリイカ2015年10月号,特集＝マンガ実写映画の世界,https://www.seidosha.co.jp/book/index.php?id=2208&status=published
ユリイカ2015年10月臨時増刊号,総特集＝KERA/ケラリーノ・サンドロヴィッチ,https://www.seidosha.co.jp/book/index.php?id=2207&status=published
ユリイカ2015年9月号,特集＝男の娘,https://www.seidosha.co.jp/book/index.php?id=2206&status=published
ユリイカ2015年9月臨時増刊号,総特集＝細田守の世界,https://www.seidosha.co.jp/book/index.php?id=2205&status=published
ユリイカ2015年8月号,特集＝江戸川乱歩,https://www.seidosha.co.jp/book/index.php?id=2204&status=published
ユリイカ2015年7月号,特集＝七尾旅人,https://www.seidosha.co.jp/book/index.php?id=2203&status=published
ユリイカ2015年7月臨時増刊号,総特集＝金子國義の世界,https://www.seidosha.co.jp/book/index.php?id=2202&status=published
ユリイカ2015年6月号,特集＝桂米朝,https://www.seidosha.co.jp/book/index.php?id=2201&status=published
ユリイカ2015年5月号,特集＝ポール・トーマス・アンダーソン,https://www.seidosha.co.jp/book/index.php?id=2200&status=published
ユリイカ2015年4月号,特集＝高峰秀子,https://www.seidosha.co.jp/book/index.php?id=2199&status=published
ユリイカ2015年4月臨時増刊号,総特集＝2・5次元,https://www.seidosha.co.jp/book/index.php?id=2198&status=published
ユリイカ2015年3月号,特集＝クラムボン,https://www.seidosha.co.jp/book/index.php?id=2197&status=published
ユリイカ2015年3月臨時増刊号,総特集＝150年目の『不思議の国のアリス』,https://www.seidosha.co.jp/book/index.php?id=2196&status=published
ユリイカ2015年2月号,特集＝俳優・高倉健,https://www.seidosha.co.jp/book/index.php?id=2195&status=published
ユリイカ2015年1月号,特集＝ゴダール2015,https://www.seidosha.co.jp/book/index.php?id=2194&status=published
ユリイカ2015年1月臨時増刊号,総特集＝岩明均,https://www.seidosha.co.jp/book/index.php?id=2193&status=published
ユリイカ2017年1月号,特集＝アメリカ文化を読む,https://www.seidosha.co.jp/book/index.php?id=3004&status=published
ユリイカ2017年1月臨時増刊号,総特集＝みうらじゅん,https://www.seidosha.co.jp/book/index.php?id=2997&status=published
ユリイカ2016年12月号,特集＝『ファンタスティック・ビースト』と『ハリー・ポッター』の世界,https://www.seidosha.co.jp/book/index.php?id=2995&status=published
ユリイカ2016年12月臨時増刊号,総特集Ω『シン・ゴジラ』とはなにか,https://www.seidosha.co.jp/book/index.php?id=2987&status=published
ユリイカ2016年11月号,特集＝こうの史代,https://www.seidosha.co.jp/book/index.php?id=2985&status=published
ユリイカ2016年11月臨時増刊号,総特集＝赤塚不二夫,https://www.seidosha.co.jp/book/index.php?id=2977&status=published
ユリイカ2016年10月号,特集＝永六輔,https://www.seidosha.co.jp/book/index.php?id=2975&status=published
ユリイカ2016年9月号,特集＝新海誠,https://www.seidosha.co.jp/book/index.php?id=2965&status=published
ユリイカ2016年9月臨時増刊号,総特集＝アイドルアニメ,https://www.seidosha.co.jp/book/index.php?id=2963&status=published
ユリイカ2016年8月号,特集＝あたらしい短歌、ここにあります,https://www.seidosha.co.jp/book/index.php?id=2962&status=published
ユリイカ2016年8月臨時増刊号,総特集＝ダダ・シュルレアリスムの21世紀,https://www.seidosha.co.jp/book/index.php?id=2951&status=published
ユリイカ2016年7月号,特集＝ニッポンの妖怪文化,https://www.seidosha.co.jp/book/index.php?id=2932&status=published
ユリイカ2016年6月号,特集＝日本語ラップ,https://www.seidosha.co.jp/book/index.php?id=2924&status=published
ユリイカ2016年5月号,特集＝石原慎太郎,https://www.seidosha.co.jp/book/index.php?id=2911&status=published
ユリイカ2016年4月号,特集＝デヴィッド・ボウイ,https://www.seidosha.co.jp/book/index.php?id=2192&status=published
ユリイカ2016年3月号,特集＝古屋兎丸,https://www.seidosha.co.jp/book/index.php?id=2191&status=published
ユリイカ2016年3月臨時増刊号,総特集＝出版の未来,https://www.seidosha.co.jp/book/index.php?id=2190&status=published
ユリイカ2016年2月号,特集＝原節子と〈昭和〉の風景,https://www.seidosha.co.jp/book/index.php?id=2189&status=published
ユリイカ2016年2月臨時増刊号,総特集＝江口寿史,https://www.seidosha.co.jp/book/index.php?id=2188&status=published
ユリイカ2016年1月臨時増刊号,総特集＝春画 SHUNGA,https://www.seidosha.co.jp/book/index.php?id=2186&status=published
ユリイカ2016年1月号,特集＝『スターウォーズ』と映画の未来,https://www.seidosha.co.jp/book/index.php?id=2187&status=published
ユリイカ2016年1月臨時増刊号,総特集＝坂口恭平,https://www.seidosha.co.jp/book/index.php?id=2185&status=published
ユリイカ2016年1月臨時増刊号,総特集＝エリック・サティの世界,https://www.seidosha.co.jp/book/index.php?id=2184&status=published
ユリイカ2018年1月号,特集＝サニーデイ・サービス,https://www.seidosha.co.jp/book/index.php?id=3113&status=published
ユリイカ2018年1月臨時増刊号,総特集＝遠藤賢司,https://www.seidosha.co.jp/book/index.php?id=3114&status=published
ユリイカ2017年12月号,特集＝カズオ・イシグロの世界,https://www.seidosha.co.jp/book/index.php?id=3105&status=published
ユリイカ2017年11月臨時増刊号,総特集＝志村貴子,https://www.seidosha.co.jp/book/index.php?id=3091&status=published
ユリイカ2017年11月号,特集＝スティーヴン・キング,https://www.seidosha.co.jp/book/index.php?id=3093&status=published
ユリイカ2017年10月号,特集＝大根仁,https://www.seidosha.co.jp/book/index.php?id=3088&status=published
ユリイカ2017年10月臨時増刊号,総特集＝蓮實重彥,https://www.seidosha.co.jp/book/index.php?id=3071&status=published
ユリイカ2017年9月号,特集＝ジム・ジャームッシュ,https://www.seidosha.co.jp/book/index.php?id=3080&status=published
ユリイカ2017年9月臨時増刊号,総特集＝幾原邦彦,https://www.seidosha.co.jp/book/index.php?id=3070&status=published
ユリイカ2017年8月号,特集＝cero,https://www.seidosha.co.jp/book/index.php?id=3069&status=published
ユリイカ2017年8月臨時増刊号,総特集＝奈良美智の世界,https://www.seidosha.co.jp/book/index.php?id=3063&status=published
ユリイカ2017年8月臨時増刊号,総特集＝山田孝之,https://www.seidosha.co.jp/book/index.php?id=3062&status=published
ユリイカ2017年7月号,特集＝加藤一二三,https://www.seidosha.co.jp/book/index.php?id=3060&status=published
ユリイカ2017年7月臨時増刊号,総特集＝大岡信の世界,https://www.seidosha.co.jp/book/index.php?id=3051&status=published
ユリイカ2017年6月号,特集＝最果タヒによる最果タヒ,https://www.seidosha.co.jp/book/index.php?id=3044&status=published
ユリイカ2017年5月号,特集＝追悼・鈴木清順,https://www.seidosha.co.jp/book/index.php?id=3039&status=published
ユリイカ2017年4月号,特集＝大森靖子,https://www.seidosha.co.jp/book/index.php?id=3027&status=published
ユリイカ2017年4月臨時増刊号,総特集＝縄文 JOMON,https://www.seidosha.co.jp/book/index.php?id=3019&status=published
ユリイカ2017年3月号,特集＝草間彌生,https://www.seidosha.co.jp/book/index.php?id=3017&status=published
ユリイカ2017年3月臨時増刊号,総特集☆東村アキコ,https://www.seidosha.co.jp/book/index.php?id=3011&status=published
ユリイカ2017年2月号,特集＝ソーシャルゲームの現在,https://www.seidosha.co.jp/book/index.php?id=3009&status=published
ユリイカ2017年2月臨時増刊号,総特集＝矢野顕子,https://www.seidosha.co.jp/book/index.php?id=3006&status=published
ユリイカ2019年1月号,特集＝阿川佐和子,https://www.seidosha.co.jp/book/index.php?id=3249&status=published
ユリイカ2018年12月号,特集＝雲田はるこ,https://www.seidosha.co.jp/book/index.php?id=3236&status=published
ユリイカ2018年11月号,特集＝K-POPスタディーズ,https://www.seidosha.co.jp/book/index.php?id=3226&status=published
ユリイカ2018年10月号,特集＝図鑑の世界,https://www.seidosha.co.jp/book/index.php?id=3210&status=published
ユリイカ2018年9月臨時増刊号,総特集＝山本直樹,https://www.seidosha.co.jp/book/index.php?id=3195&status=published
ユリイカ2018年9月号,特集＝濱口竜介,https://www.seidosha.co.jp/book/index.php?id=3201&status=published
ユリイカ2018年8月号,特集＝ケンドリック・ラマー,https://www.seidosha.co.jp/book/index.php?id=3186&status=published
ユリイカ2018年7月臨時増刊号,総特集＝高畑勲の世界,https://www.seidosha.co.jp/book/index.php?id=3183&status=published
ユリイカ2018年7月号,特集＝バーチャルYouTuber,https://www.seidosha.co.jp/book/index.php?id=3182&status=published
ユリイカ2018年6月臨時増刊号,総特集＝〈決定版〉ウェス・アンダーソンの世界,https://www.seidosha.co.jp/book/index.php?id=3173&status=published
ユリイカ2018年6月号,特集＝『バーフバリ』の世界,https://www.seidosha.co.jp/book/index.php?id=3172&status=published
ユリイカ2018年5月号,特集＝アーシュラ・K・ル=グウィンの世界,https://www.seidosha.co.jp/book/index.php?id=3161&status=published
ユリイカ2018年4月号,特集＝押切蓮介,https://www.seidosha.co.jp/book/index.php?id=3150&status=published
ユリイカ2018年3月号,特集＝ソフィア・コッポラ,https://www.seidosha.co.jp/book/index.php?id=3143&status=published
ユリイカ2018年3月臨時増刊号,総特集＝岡田麿里,https://www.seidosha.co.jp/book/index.php?id=3144&status=published
ユリイカ2018年2月号,特集＝クトゥルー神話の世界,https://www.seidosha.co.jp/book/index.php?id=3127&status=published
ユリイカ2020年1月号,特集＝和田誠,https://www.seidosha.co.jp/book/index.php?id=3375&status=published
ユリイカ2019年12月号,特集＝Vaporwave,https://www.seidosha.co.jp/book/index.php?id=3364&status=published
ユリイカ2019年12月臨時増刊号,総特集＝装幀者・菊地信義,https://www.seidosha.co.jp/book/index.php?id=3361&status=published
ユリイカ2019年11月号,特集＝ビリー・アイリッシュ,https://www.seidosha.co.jp/book/index.php?id=3359&status=published
ユリイカ2019年11月臨時増刊号,総特集＝日本の男性アイドル,https://www.seidosha.co.jp/book/index.php?id=3352&status=published
ユリイカ2019年10月号,特集＝トニ・モリスン,https://www.seidosha.co.jp/book/index.php?id=3347&status=published
ユリイカ2019年9月号,特集＝クエンティン・タランティーノ,https://www.seidosha.co.jp/book/index.php?id=3342&status=published
ユリイカ2019年9月臨時増刊号,総特集＝遠藤ミチロウ,https://www.seidosha.co.jp/book/index.php?id=3323&status=published
ユリイカ2019年8月臨時増刊号,総特集＝松浦武四郎,https://www.seidosha.co.jp/book/index.php?id=3330&status=published
ユリイカ2019年8月号,特集＝京マチ子,https://www.seidosha.co.jp/book/index.php?id=3326&status=published
ユリイカ2019年7月号,特集＝山戸結希,https://www.seidosha.co.jp/book/index.php?id=3309&status=published
ユリイカ2019年7月臨時増刊号,総特集＝萩原健一,https://www.seidosha.co.jp/book/index.php?id=3304&status=published
ユリイカ2019年6月号,特集＝「三国志」の世界,https://www.seidosha.co.jp/book/index.php?id=3303&status=published
ユリイカ2019年6月臨時増刊号,総特集＝書店の未来,https://www.seidosha.co.jp/book/index.php?id=3302&status=published
ユリイカ2019年5月号,特集＝スパイク・リー,https://www.seidosha.co.jp/book/index.php?id=3296&status=published
ユリイカ2019年5月臨時増刊号,総特集＝橋本治,https://www.seidosha.co.jp/book/index.php?id=3282&status=published
ユリイカ2019年4月号,特集＝上遠野浩平,https://www.seidosha.co.jp/book/index.php?id=3280&status=published
ユリイカ2019年4月臨時増刊号,総特集＝梅原猛,https://www.seidosha.co.jp/book/index.php?id=3279&status=published
ユリイカ2019年3月号,特集＝岩合光昭,https://www.seidosha.co.jp/book/index.php?id=3268&status=published
ユリイカ2019年3月臨時増刊号,総特集☆魔夜峰央,https://www.seidosha.co.jp/book/index.php?id=3270&status=published
ユリイカ2019年2月号,特集＝吉本ばなな,https://www.seidosha.co.jp/book/index.php?id=3261&status=published
ユリイカ2021年1月号,特集＝ぬいぐるみの世界,https://www.seidosha.co.jp/book/index.php?id=3517&status=published
ユリイカ2021年1月臨時増刊号,総特集＝戸田ツトム,https://www.seidosha.co.jp/book/index.php?id=3509&status=published
ユリイカ2020年12月号,特集＝偽書の世界,https://www.seidosha.co.jp/book/index.php?id=3508&status=published
ユリイカ2020年11月号,特集＝西加奈子,https://www.seidosha.co.jp/book/index.php?id=3495&status=published
ユリイカ2020年10月号,特集＝ペドロ・コスタ,https://www.seidosha.co.jp/book/index.php?id=3485&status=published
ユリイカ2020年10月臨時増刊号,総特集＝別役実の世界,https://www.seidosha.co.jp/book/index.php?id=3473&status=published
ユリイカ2020年9月号,特集＝女オタクの現在,https://www.seidosha.co.jp/book/index.php?id=3472&status=published
ユリイカ2020年9月臨時増刊号,総特集＝大林宣彦,https://www.seidosha.co.jp/book/index.php?id=3459&status=published
ユリイカ2020年8月号,特集＝今 敏の世界,https://www.seidosha.co.jp/book/index.php?id=3457&status=published
ユリイカ2020年7月号,特集＝クイズの世界,https://www.seidosha.co.jp/book/index.php?id=3441&status=published
ユリイカ2020年6月号,特集＝地図の世界,https://www.seidosha.co.jp/book/index.php?id=3437&status=published
ユリイカ2020年5月号,特集＝韓国映画の最前線,https://www.seidosha.co.jp/book/index.php?id=3417&status=published
ユリイカ2020年5月臨時増刊号,総特集＝坪内祐三,https://www.seidosha.co.jp/book/index.php?id=3412&status=published
ユリイカ2020年4月号,特集＝グザヴィエ・ドラン,https://www.seidosha.co.jp/book/index.php?id=3409&status=published
ユリイカ2020年3月号,特集＝青葉市子,https://www.seidosha.co.jp/book/index.php?id=3398&status=published
ユリイカ2020年2月号,特集＝書体の世界,https://www.seidosha.co.jp/book/index.php?id=3392&status=published
ユリイカ2022年1月号,特集＝柳家小三治,https://www.seidosha.co.jp/book/index.php?id=3643&status=published
ユリイカ2021年12月号,特集＝フレデリック・ワイズマン,https://www.seidosha.co.jp/book/index.php?id=3634&status=published
ユリイカ2021年12月臨時増刊号,総特集＝タロットの世界,https://www.seidosha.co.jp/book/index.php?id=3619&status=published
ユリイカ2021年11月号,特集＝綿矢りさ,https://www.seidosha.co.jp/book/index.php?id=3624&status=published
ユリイカ2021年10月号,特集＝円谷英二,https://www.seidosha.co.jp/book/index.php?id=3613&status=published
ユリイカ2021年10月臨時増刊号,総特集＝須永朝彦,https://www.seidosha.co.jp/book/index.php?id=3603&status=published
ユリイカ2021年9月号,特集＝立花隆,https://www.seidosha.co.jp/book/index.php?id=3602&status=published
ユリイカ2021年8月号,特集＝台湾映画の現在,https://www.seidosha.co.jp/book/index.php?id=3586&status=published
ユリイカ2021年7月号,特集＝ココ・シャネル,https://www.seidosha.co.jp/book/index.php?id=3582&status=published
ユリイカ2021年7月臨時増刊号,総特集＝安野光雅,https://www.seidosha.co.jp/book/index.php?id=3574&status=published
ユリイカ2021年6月号,特集＝レイ・ハラカミ,https://www.seidosha.co.jp/book/index.php?id=3567&status=published
ユリイカ2021年5月号,特集＝アンリ・マティス,https://www.seidosha.co.jp/book/index.php?id=3564&status=published
ユリイカ2021年4月号,特集＝鳥獣戯画の世界,https://www.seidosha.co.jp/book/index.php?id=3556&status=published
ユリイカ2021年3月号,特集＝近藤聡乃,https://www.seidosha.co.jp/book/index.php?id=3544&status=published
ユリイカ2021年2月号,特集＝坂元裕二,https://www.seidosha.co.jp/book/index.php?id=3530&status=published
ユリイカ2023年1月臨時増刊号,総特集＝ジャン＝リュック・ゴダール,https://www.seidosha.co.jp/book/index.php?id=3767&status=published
ユリイカ2023年1月号,特集＝コペルニクス,https://www.seidosha.co.jp/book/index.php?id=3766&status=published
ユリイカ2022年12月号,特集＝三宅唱,https://www.seidosha.co.jp/book/index.php?id=3753&status=published
ユリイカ2022年11月号,特集＝今井哲也,https://www.seidosha.co.jp/book/index.php?id=3741&status=published
ユリイカ2022年10月号,特集＝セリーヌ・シアマ,https://www.seidosha.co.jp/book/index.php?id=3730&status=published
ユリイカ2022年9月号,特集＝Jホラーの現在,https://www.seidosha.co.jp/book/index.php?id=3721&status=published
ユリイカ2022年8月号,特集＝現代語の世界,https://www.seidosha.co.jp/book/index.php?id=3710&status=published
ユリイカ2022年7月号,特集＝スヴェトラーナ・アレクシエーヴィチ,https://www.seidosha.co.jp/book/index.php?id=3703&status=published
ユリイカ2022年7月臨時増刊号,総特集＝湯浅政明,https://www.seidosha.co.jp/book/index.php?id=3692&status=published
ユリイカ2022年6月号,特集＝ゲルハルト・リヒター,https://www.seidosha.co.jp/book/index.php?id=3691&status=published
ユリイカ2022年5月号,特集＝菌類の世界,https://www.seidosha.co.jp/book/index.php?id=3678&status=published
ユリイカ2022年4月号,特集＝hyperpop,https://www.seidosha.co.jp/book/index.php?id=3665&status=published
ユリイカ2022年3月号,特集＝アピチャッポン・ウィーラセタクン,https://www.seidosha.co.jp/book/index.php?id=3662&status=published
ユリイカ2022年3月臨時増刊号,総特集＝瀬戸内寂聴,https://www.seidosha.co.jp/book/index.php?id=3657&status=published
ユリイカ2022年2月号,特集＝田中泯,https://www.seidosha.co.jp/book/index.php?id=3655&status=published
ユリイカ2024年1月号,特集＝panpanya,https://www.seidosha.co.jp/book/index.php?id=3880&status=published
ユリイカ2023年12月号,特集＝長谷川白紙,https://www.seidosha.co.jp/book/index.php?id=3875&status=published
ユリイカ2023年12月臨時増刊号,総特集＝坂本龍一 1952-2023,https://www.seidosha.co.jp/book/index.php?id=3864&status=published
ユリイカ2023年11月号,特集＝金原ひとみ,https://www.seidosha.co.jp/book/index.php?id=3863&status=published
ユリイカ2023年11月臨時増刊号,総特集＝J・R・R・トールキン,https://www.seidosha.co.jp/book/index.php?id=3845&status=published
ユリイカ2023年10月号,特集＝追悼・中島貞夫,https://www.seidosha.co.jp/book/index.php?id=3843&status=published
ユリイカ2023年9月号,特集＝ヤマシタトモコ,https://www.seidosha.co.jp/book/index.php?id=3841&status=published
ユリイカ2023年8月号,特集＝小田久郎と現代詩の時代,https://www.seidosha.co.jp/book/index.php?id=3830&status=published
ユリイカ2023年7月臨時増刊号,総特集＝大江健三郎,https://www.seidosha.co.jp/book/index.php?id=3823&status=published
ユリイカ2023年7月号,特集＝奇書の世界,https://www.seidosha.co.jp/book/index.php?id=3822&status=published
ユリイカ2023年6月号,特集＝A24とアメリカ映画の現在,https://www.seidosha.co.jp/book/index.php?id=3811&status=published
ユリイカ2023年5月号,特集＝〈フィメールラップ〉の現在,https://www.seidosha.co.jp/book/index.php?id=3802&status=published
ユリイカ2023年4月臨時増刊号,総特集＝マヒトゥ・ザ・ピーポー,https://www.seidosha.co.jp/book/index.php?id=3793&status=published
ユリイカ2023年4月号,特集＝牧野富太郎の世界,https://www.seidosha.co.jp/book/index.php?id=3792&status=published
ユリイカ2023年3月号,特集＝パク・チャヌク,https://www.seidosha.co.jp/book/index.php?id=3781&status=published
ユリイカ2023年2月号,特集＝エゴン・シーレ,https://www.seidosha.co.jp/book/index.php?id=3775&status=published
ユリイカ2025年1月臨時増刊号,総特集＝福田和也,https://www.seidosha.co.jp/book/index.php?id=3999&status=published
ユリイカ2025年1月号,特集＝ハン・ガン,https://www.seidosha.co.jp/book/index.php?id=3998&status=published
ユリイカ2024年12月号,特集＝お笑いと批評,https://www.seidosha.co.jp/book/index.php?id=3988&status=published
ユリイカ2024年11月号,特集＝松岡正剛,https://www.seidosha.co.jp/book/index.php?id=3979&status=published
ユリイカ2024年10月号,特集＝いよわ,https://www.seidosha.co.jp/book/index.php?id=3973&status=published
ユリイカ2024年9月号,特集＝石,https://www.seidosha.co.jp/book/index.php?id=3963&status=published
ユリイカ2024年8月号,特集＝ポール・オースター,https://www.seidosha.co.jp/book/index.php?id=3954&status=published
ユリイカ2024年8月臨時増刊号,総特集＝折坂悠太,https://www.seidosha.co.jp/book/index.php?id=3940&status=published
ユリイカ2024年7月号,特集＝幸田文,https://www.seidosha.co.jp/book/index.php?id=3942&status=published
ユリイカ2024年6月号,特集＝わたしたちの散歩,https://www.seidosha.co.jp/book/index.php?id=3931&status=published
ユリイカ2024年5月号,特集＝嶽本野ばら,https://www.seidosha.co.jp/book/index.php?id=3925&status=published
ユリイカ2024年4月号,特集＝山田太一,https://www.seidosha.co.jp/book/index.php?id=3916&status=published
ユリイカ2024年3月号,特集＝柴田聡子,https://www.seidosha.co.jp/book/index.php?id=3908&status=published
ユリイカ2024年3月臨時増刊号,総特集＝92年目の谷川俊太郎,https://www.seidosha.co.jp/book/index.php?id=3901&status=published
ユリイカ2024年2月号,特集＝クレイジーキャッツの時代,https://www.seidosha.co.jp/book/index.php?id=3900&status=published
ユリイカ2026年1月号,特集＝アリ・アスター,https://www.seidosha.co.jp/book/index.php?id=4096&status=published
ユリイカ2025年12月臨時増刊号,総特集＝大貫妙子,https://www.seidosha.co.jp/book/index.php?id=4088&status=published
ユリイカ2025年12月号,特集＝宮崎夏次系,https://www.seidosha.co.jp/book/index.php?id=4087&status=published
ユリイカ2025年11月号,特集＝原口沙輔,https://www.seidosha.co.jp/book/index.php?id=4078&status=published
ユリイカ2025年10月号,特集＝澤村伊智,https://www.seidosha.co.jp/book/index.php?id=4071&status=published
ユリイカ2025年10月臨時増刊号,総特集＝松本隆,https://www.seidosha.co.jp/book/index.php?id=4060&status=published
ユリイカ2025年9月号,特集＝あらゐけいいち,https://www.seidosha.co.jp/book/index.php?id=4054&status=published
ユリイカ2025年8月号,特集＝佐藤雅彦,https://www.seidosha.co.jp/book/index.php?id=4051&status=published
ユリイカ2025年7月臨時増刊号,総特集＝岡﨑乾二郎,https://www.seidosha.co.jp/book/index.php?id=4044&status=published
ユリイカ2025年7月号,特集＝成瀬巳喜男,https://www.seidosha.co.jp/book/index.php?id=4043&status=published
ユリイカ2025年6月号,特集＝カレー沢薫,https://www.seidosha.co.jp/book/index.php?id=4032&status=published
ユリイカ2025年5月号,特集＝ゆっきゅん,https://www.seidosha.co.jp/book/index.php?id=4025&status=published
ユリイカ2025年4月号,特集＝デヴィッド・リンチ,https://www.seidosha.co.jp/book/index.php?id=4016&status=published
ユリイカ2025年3月号,特集＝自炊,https://www.seidosha.co.jp/book/index.php?id=4008&status=published
ユリイカ2025年2月号,特集＝ペドロ・アルモドバル,https://www.seidosha.co.jp/book/index.php?id=4003&status=published
ユリイカ2026年6月臨時増刊号,総特集＝中上健次,https://www.seidosha.co.jp/book/index.php?id=4125&status=published
ユリイカ2026年5月号,特集＝魚喃キリコ（仮）,https://www.seidosha.co.jp/book/index.php?id=4124&status=published
ユリイカ2026年4月号,特集＝M・K・チュルリョーニス,https://www.seidosha.co.jp/book/index.php?id=4111&status=published
ユリイカ2026年3月号,特集＝眠い,https://www.seidosha.co.jp/book/index.php?id=4109&status=published
ユリイカ2026年2月号,特集＝大前粟生,https://www.seidosha.co.jp/book/index.php?id=4102&status=published
